{
  "data": {
    "circleName": "circle1",
    "circleImage": "https://d1qumhq2zx0vxs.cloudfront.net/CircleImages/VisitDoc_20160428113046640.jpg",
    "totalStepChallenge": 0,
    "socialPost": [
      {
        "postIdentity": "aCJ8cu2ErDo=",
        "postMapIdentity": "zxC9hnB2GgQ=",
        "postContentIdentity": "adtzvvWGHJ0=",
        "postCreatedByIdentity": "/3NBgFi7iVY=",
        "postMapName": "circle1",
        "postText": "Challenging all Wipro employees to do 20 push-ups everyday and upload their videos for next 1 week. People who check-in all 7 days with the best videos win this challenge.",
        "postCreatedByName": "Rohit Mundra",
        "postCreatedByImage": "http://www.gstatic.com/webp/gallery/5.jpg",
        "postContentTypeId": 2,
        "contentData": {
          "challengeIdentity": "jMPh0pd6XNg=",
          "challengeName": "abc challenge123asdfasdf",
          "challengeStartDate": "2018-04-26T00:00:00",
          "challengeEndDate": "2025-05-28T00:00:00",
          "challengeEarnPeps": 20,
          "challengeTypeId": 2,
          "memberIsCheckIn": 0
        },
        "postIsHasMedia": true,
        "postMediaList": [
          {
            "postMediaType": 1,
            "postMediaData": [
              {
                "title": "",
                "desc": "",
                "fileName": "https://www.gstatic.com/webp/gallery3/1_webp_ll.webp",
                "url": ""
              }
            ]
          },
          {
            "postMediaType": 1,
            "postMediaData": [
              {
                "title": "",
                "desc": "",
                "fileName": "http://www.gstatic.com/webp/gallery/1.jpg",
                "url": ""
              }
            ]
          },
          {
            "postMediaType": 1,
            "postMediaData": [
              {
                "title": "",
                "desc": "",
                "fileName": "http://www.gstatic.com/webp/gallery/1.jpg",
                "url": ""
              }
            ]
          },
          {
            "postMediaType": 1,
            "postMediaData": [
              {
                "title": "",
                "desc": "",
                "fileName": "http://www.gstatic.com/webp/gallery/3.jpg",
                "url": ""
              }
            ]
          },
          {
            "postMediaType": 1,
            "postMediaData": [
              {
                "title": "",
                "desc": "",
                "fileName": "http://www.gstatic.com/webp/gallery/3.jpg",
                "url": ""
              }
            ]
          },
          {
            "postMediaType": 1,
            "postMediaData": [
              {
                "title": "",
                "desc": "",
                "fileName": "http://demo.truworth.net/e2apwellnesscorner/CirclePost/2018042317495958.png",
                "url": ""
              }
            ]
          },
          {
            "postMediaType": 1,
            "postMediaData": [
              {
                "title": "",
                "desc": "",
                "fileName": "http://demo.truworth.net/e2apwellnesscorner/CirclePost/20180423174912687.jpg",
                "url": ""
              }
            ]
          }

        ],
        "postIsHasTags": false,
        "postTagList": [],
        "postTotalHiFives": 0,
        "postTotalComments": 0,
        "postCreatedOn": "2018-04-23T17:51:40.843",
        "postMemberIsHi5": false,
        "postIsCoach": false
      },
      {
        "postIdentity": "Jw6uMffao/0=",
        "postMapIdentity": "zxC9hnB2GgQ=",
        "postContentIdentity": "NCH0N2M5qk0=",
        "postCreatedByIdentity": "/3NBgFi7iVY=",
        "postMapName": "circle1",
        "postText": "new post",
        "postCreatedByName": "Rohit Mundra",
        "postCreatedByImage": "http://www.gstatic.com/webp/gallery/5.jpg",
        "postContentTypeId": 1,
        "contentData": {
          "eventIdentity": "c1XhXIbk0xU=",
          "eventName": "Wipro Yoga Bootcamp 2018",
          "eventDesc": "asdfsadf",
          "eventStartDate": "2018-04-26T00:00:00",
          "eventEndDate": "2018-04-26T00:00:00",
          "eventLocation": "Wipro Campus, Electronic City, Bangalore - 560024",
          "totalMembersGoing": 150,
          "myStatus": "N",
          "memberImages": [
            {
              "imageName": "http://www.gstatic.com/webp/gallery/5.jpg",
              "memberName": "MtoYrAeaF2c= OK+cR4OgqTU="
            },
            {
              "imageName": "http://www.gstatic.com/webp/gallery/4.jpg",
              "memberName": "Rtb5T0HGKac= U2OfyTo9lSI="
            },
            {
              "imageName": "http://www.gstatic.com/webp/gallery/4.jpg",
              "memberName": "gOaPspv\/vjk= 37lWkBQqr3E= "
            }
          ]
        },
        "postIsHasMedia": false,
        "postMediaList": [
          {
            "postMediaType": 1,
            "postMediaData": [
              {
                "title": "",
                "desc": "",
                "fileName": "http://demo.truworth.net/e2apwellnesscorner/CirclePost/2018042317843769.png",
                "url": ""
              }
            ]
          },
          {
            "postMediaType": 1,
            "postMediaData": [
              {
                "title": "",
                "desc": "",
                "fileName": "http://demo.truworth.net/e2apwellnesscorner/CirclePost/2018042317847621.png",
                "url": ""
              }
            ]
          },
          {
            "postMediaType": 3,
            "postMediaData": [
              {
                "title": "",
                "desc": "",
                "fileName": "https://truworth-video-in.s3-ap-south-1.amazonaws.com/SocialPostFile/20180502183216858.m3u8",
                "url": ""
              }
            ]
          },
          {
            "postMediaType": 3,
            "postMediaData": [
              {
                "title": "",
                "desc": "",
                "fileName": "https://truworth-video-in.s3-ap-south-1.amazonaws.com/SocialPostFile/20180502183216858.m3u8",
                "url": ""
              }
            ]
          }
        ],
        "postIsHasTags": false,
        "postTagList": [],
        "postTotalHiFives": 0,
        "postTotalComments": 0,
        "postCreatedOn": "2018-04-23T17:11:12.707",
        "postMemberIsHi5": false,
        "postIsCoach": false
      },
      {
        "postIdentity": "M9BioymWNpc=",
        "postMapIdentity": "zxC9hnB2GgQ=",
        "postContentIdentity": "NCH0N2M5qk0=",
        "postCreatedByIdentity": "/3NBgFi7iVY=",
        "postMapName": "circle1",
        "postText": "video post",
        "postCreatedByName": "Rohit Mundra",
        "postCreatedByImage": "http://www.gstatic.com/webp/gallery/2.jpg",
        "postContentTypeId": 0,
        "contentData": null,
        "postIsHasMedia": true,
        "postMediaList": [
          {
            "postMediaType": 3,
            "postMediaData": [
              {
                "title": "",
                "desc": "",
                "fileName": "https://www.youtube.com/watch?v=hFhiV5X5QM4",
                "url": ""
              }
            ]
          }
        ],
        "postIsHasTags": false,
        "postTagList": [],
        "postTotalHiFives": 0,
        "postTotalComments": 0,
        "postCreatedOn": "2018-04-23T16:30:56.157",
        "postMemberIsHi5": false,
        "postIsCoach": false
      },
      {
        "postIdentity": "KNo96yW2cEk=",
        "postMapIdentity": "zxC9hnB2GgQ=",
        "postContentIdentity": "K190Mzi9qrA=",
        "postCreatedByIdentity": "/3NBgFi7iVY=",
        "postMapName": "circle1",
        "postText": "video post",
        "postCreatedByName": "Rohit Mundra",
        "postCreatedByImage": "http://www.gstatic.com/webp/gallery/2.jpg",
        "postContentTypeId": 0,
        "contentData": null,
        "postIsHasMedia": true,
        "postMediaList": [
          {
            "postMediaType": 3,
            "postMediaData": [
              {
                "title": "",
                "desc": "",
                "fileName": "https://bitdash-a.akamaihd.net/content/sintel/hls/playlist.m3u8",
                "url": ""
              }
            ]
          }
        ],
        "postIsHasTags": false,
        "postTagList": [],
        "postTotalHiFives": 0,
        "postTotalComments": 0,
        "postCreatedOn": "2018-04-23T16:13:29.517",
        "postMemberIsHi5": false,
        "postIsCoach": false
      },
      {
        "postIdentity": "YdN78bI4ZFU=",
        "postMapIdentity": "zxC9hnB2GgQ=",
        "postContentIdentity": "NCH0N2M5qk0=",
        "postCreatedByIdentity": "/3NBgFi7iVY=",
        "postMapName": "circle1",
        "postText": "my first post after changes",
        "postCreatedByName": "Rohit Mundra",
        "postCreatedByImage": "http://www.gstatic.com/webp/gallery/2.jpg",
        "postContentTypeId": 3,
        "contentData": {
          "challengeIdentity": "jMPh0pd6XNg=",
          "challengeName": "abc challenge",
          "challengeStartDate": "2018-04-26T00:00:00",
          "challengeEndDate": "2025-05-28T00:00:00",
          "challengeEarnPeps": 20,
          "challengeTypeId": 2,
          "memberIsCheckIn": 0
        },
        "postIsHasMedia": true,
        "postMediaList": [
          {
            "postMediaType": 1,
            "postMediaData": [
              {
                "title": "",
                "desc": "",
                "fileName": "http://www.gstatic.com/webp/gallery/4.jpg",
                "url": ""
              }
            ]
          },
          {
            "postMediaType": 3,
            "postMediaData": [
              {
                "title": "",
                "desc": "",
                "fileName": "https://truworth-video-in.s3-ap-south-1.amazonaws.com/SocialPostFile/20180502183216858.m3u8",
                "url": ""
              }
            ]
          }
        ],
        "postIsHasTags": false,
        "postTagList": [],
        "postTotalHiFives": 0,
        "postTotalComments": 0,
        "postCreatedOn": "2018-04-23T15:53:08.033",
        "postMemberIsHi5": false,
        "postIsCoach": false
      },
      {
        "postIdentity": "9F9tuhB6qU4=",
        "postMapIdentity": "zxC9hnB2GgQ=",
        "postContentIdentity": "NCH0N2M5qk0=",
        "postCreatedByIdentity": "hO9KbATot6c=",
        "postMapName": "circle1",
        "postText": "Welcome to {{0}} circle. This circle created by {{1}}",
        "postCreatedByName": "arvind gautam",
        "postCreatedByImage": "http://www.gstatic.com/webp/gallery/2.jpg",
        "postContentTypeId": null,
        "contentData": null,
        "postIsHasMedia": true,
        "postMediaList": [
          {
            "postMediaType": 2,
            "postMediaData": [
              {
                "title": "",
                "desc": "",
                "fileName": "",
                "url": "https://www.gstatic.com/webp/gallery3/1_webp_ll.webp"
              }
            ]
          }
        ],
        "postIsHasTags": true,
        "postTagList": [
          {
            "postTagMapIdentity": "zxC9hnB2GgQ=",
            "postTagIndex": 0,
            "postTagTypeId": 0,
            "postTagName": "Wipro"
          },
          {
            "postTagMapIdentity": "hO9KbATot6c=",
            "postTagIndex": 1,
            "postTagTypeId": 0,
            "postTagName": "Arvind Gautam"
          }
        ],
        "postTotalHiFives": 1,
        "postTotalComments": 0,
        "postCreatedOn": "2018-04-19T18:23:21.687",
        "postMemberIsHi5": true,
        "postIsCoach": false
      },
      {
        "postIdentity": "/fihRiLSOJU=",
        "postMapIdentity": "zxC9hnB2GgQ=",
        "postContentIdentity": "NCH0N2M5qk0=",
        "postCreatedByIdentity": "hO9KbATot6c=",
        "postMapName": "circle1",
        "postText": "Use this pdf file for more weight detail",
        "postCreatedByName": "arvind gautam",
        "postCreatedByImage": "http://www.gstatic.com/webp/gallery/2.jpg",
        "postContentTypeId": 4,
        "contentData": null,
        "postIsHasMedia": true,
        "postMediaList": [
          {
            "postMediaType": 2,
            "postMediaData": [
              {
                "title": "Resource Title",
                "desc": "this contains an pdf file.",
                "fileName": "",
                "url": "https://www.gstatic.com/webp/gallery3/1_webp_ll.webp"
              }
            ]
          }
        ],
        "postIsHasTags": true,
        "postTagList": [
          {
            "postTagMapIdentity": "zxC9hnB2GgQ=",
            "postTagIndex": 0,
            "postTagTypeId": 0,
            "postTagName": "Circle1"
          },
          {
            "postTagMapIdentity": "hO9KbATot6c=",
            "postTagIndex": 1,
            "postTagTypeId": 0,
            "postTagName": "Arvind Gautam"
          }
        ],
        "postTotalHiFives": 1,
        "postTotalComments": 3,
        "postCreatedOn": "2018-04-19T18:16:57.403",
        "postMemberIsHi5": true,
        "postIsCoach": false
      }
    ],
    "hasError": false,
    "error": null
  }
}
